{"cameraMode":{"drawMode":0,"name":"Shaded","section":"Shading Mode"},"sceneLighting":true,"audioPlay":false,"sceneViewState":{"showFog":true,"showMaterialUpdate":false,"showSkybox":true,"showFlares":true,"showImageEffects":true,"showParticleSystems":true},"in2DMode":false,"pivot":{"x":7.363578796386719,"y":2.729734182357788,"z":7.183620452880859},"rotation":{"x":-0.1536651998758316,"y":-0.08231963962316513,"z":0.012827997095882893,"w":-0.9846581816673279},"size":29.532432556152345,"orthographic":false}