{"cameraMode":{"drawMode":0,"name":"Shaded","section":"Shading Mode"},"sceneLighting":true,"audioPlay":false,"sceneViewState":{"showFog":true,"showMaterialUpdate":false,"showSkybox":true,"showFlares":true,"showImageEffects":true,"showParticleSystems":true},"in2DMode":false,"pivot":{"x":9.232175827026368,"y":7.9379563331604,"z":7.500335216522217},"rotation":{"x":-0.169364795088768,"y":-0.4134737253189087,"z":0.07858800143003464,"w":-0.8911823630332947},"size":14.62149429321289,"orthographic":false}