{"cameraMode":{"drawMode":0,"name":"Shaded","section":"Shading Mode"},"sceneLighting":true,"audioPlay":false,"sceneViewState":{"showFog":true,"showMaterialUpdate":false,"showSkybox":true,"showFlares":true,"showImageEffects":true,"showParticleSystems":true},"in2DMode":false,"pivot":{"x":9.099580764770508,"y":6.982783794403076,"z":3.8684096336364748},"rotation":{"x":-0.2438218593597412,"y":0.006397923920303583,"z":-0.001608467660844326,"w":-0.9698000550270081},"size":26.283185958862306,"orthographic":false}